,Primer_name,Name_F,Name_R,Seq_F,Seq_R,Min,Max,Expected,Gen,Target,Experiment,Status,Date,Region,Primer_comb_ID
1,12S_F_Long_108_F.12S_R_Long_108_R,CS1_12S_F_Long_108_for,CS2_12S_R_Long_108_rev,ATAAATAAGTAAAATTTGGC,GTACCACCTCTAAATAATCTTC,100,200,180,12S,Metazoa,Fox_Raccoon,Original,2019,V5,Euk_12S_02
2,1380F_78_F.1510R_79_R,CS1_1380F_78_for,CS2_1510R_79_rev,CCCTGCCHTTTGTACACAC,CCTTCYGCAGGTTCACCTAC,100,200,180,18S,Eukaryota,Fox_Raccoon,Original,2018,V8,
3,16S_F_Ces_107_F.16S_R_Ces_107_R,CS1_16S_F_Ces_107_for,CS2_16S_R_Ces_107_rev,CAATTAATTATGCTACCTT,CGTCTGTTTATYAAAAACATTTC,100,200,180,16S,Cestodes,Fox_Raccoon,Original,2019,Mitochondrial,
4,16S.1100.F16_100_F.1492R_100_R,CS1_16S.1100.F16_100_for,CS2_1492R_100_rev,CAACGAGCGCAACCCT,TACGGYTACCTTGTTAYGACTT,400,500,415,16S,Bacteria,Fox_Raccoon,Original,2018,V6-V7,Bac_16S_02
5,16SA_L_110_F.16SB_H_110_R,CS1_16SA_L_110_for,CS2_16SB_H_110_rev,CGCCTGTTTATCAAAAACAT,CCGGTCTGAACTCAGATCACGT,500,600,550,16S,Metazoa,Fox_Raccoon,Original,2019,Mitochondrial,
6,18S_0067a_deg_3Mod_53_F.NSR 399_3Mod_53_R,CS1_18S_0067a_deg_3Mod_53_for,CS2_NSR399_3Mod_53_rev,AAGCCATGCATGYCTAAGTATM,TCTCAGGCTCCYTCTCC,300,400,350,18S,Eukaryota,Zebra,Modified,2017,V1-V2,Euk_18S_20
7,18S_0067a_deg_5Mod_52_F.NSR 399_5Mod_52_R,CS1_18S_0067a_deg_5Mod_52_for,CS2_NSR399_5Mod_52_rev,GCCATGCATGYCTAAGTATMA,AGGCTCCYTCTCCGG,300,400,350,18S,Eukaryota,Zebra,Modified,2017,V1-V2,Euk_18S_18
8,18S9modF_88_F.18S637modR_89_R,CS1_18S9modF_88_for,CS2_18S637modR_89_rev,ATCCTGCCAGTAGTCATATGCTTG,TACGCTWYTGGAGCTGGAGTTACCG,500,600,598,18S,Eukaryota,Fox_Raccoon,Modified,2018,V1-V3,Euk_18S_14
9,18SiCF1_111_F.18SiCR1_111_R,CS1_18SiCF1_111_for,CS2_18SiCR1_111_rev,CCTATCAGCTTTAGACGGTAGG,TCTAAGAATTTCACCTCTGACTG,500,600,550,18S,Eukaryota,HMHZ,Original,2019,V2-V3,
10,27M_F_98_F.CCR_98_R,CS1_27M_F_98_for,CS2_CCR_98_rev,AGRGTTTGATCMTGGCTCAG,GCTGCCTCCCGTAGGAGTCTGG,300,400,350,16S,Bacteria,Fox_Raccoon,Original,2018,V1-V2,Bac_16S_01
11,5.8SR_130_F.ITS4_130_R,CS1_5.8SR_130_for,CS2_ITS4_130_rev,TCGATGAAGAACGCAGCG,TCCTCCGCTTATTGATATGC,200,500,300,ITS,Eukaryota,HMHZ,Original,2019,ITS2,Euk_ITS_04
12,500_3Mod_63_F.501_3Mod_63_R,CS1_500_3Mod_63_for,CS2_501_3Mod_63_rev,ACTTTGAAGAGAGAGTTCAAGAGN,TCGGAAGGAACCAGCTAC,600,700,622,28S,Eukaryota,Zebra,Modified,2017,D2,
13,515F_Y_118_F.806R_118_R,CS1_515F_Y_118_for,CS2_806R_118_rev,GTGYCAGCMGCCGCGGTAA,GGACTACNVGGGTWTCTAAT,300,400,350,16S,Bacteria,HMHZ,Original,2019,V4,Bac_16S_07
14,515F_99_F.1100R_102_R,CS1_515F_99_for,CS2_1100R_102_rev,GTGCCAGCMGCCGCGGTAA,AGGGTTGCGCTCGTTG,600,700,610,16S,Bacteria,Fox_Raccoon,Original,2018,V4-V5,
15,515F_99_F.R1073_103_R,CS1_515F_99_for,CS2_R1073_103_rev,GTGCCAGCMGCCGCGGTAA,ACGAGCTGACGACARCCATG,500,600,560,16S,Bacteria,Fox_Raccoon,Original,2018,V4-V5,
16,519R_F_119_F.CDR_119_R,CS1_519R_F_119_for,CS2_CDR_119_rev,CAGCMGCCGCGGTAATWC,CTTGTGCGGGCCCCCGTCAATTC,400,500,450,16S,Bacteria,HMHZ,Original,2019,V4-V5,Bac_16S_06
17,ACM_008_17_F.ADM330_CR_17_R,CS1_ACM_008_17_for,CS2_ADM330_CR_17_rev,AGAGTTTGATCCTGGCTCAG,GCTGCCTCCCGTAGGAGT,300,400,322,16S,Bacteria,Hyena,Original,2016,V1-V2,Bac_16S_08
18,ACM_008_17_F.Klin0341_CR_18_R,CS1_ACM_008_17_for,CS2_Klin0341_CR_18_rev,AGAGTTTGATCCTGGCTCAG,CTGCWGCCNCCCGTAGG,300,400,333,16S,Bacteria,Hyena,Original,2016,V1-V2,
19,ADM330_18_F.Klin0785_CR_19_R,CS1_ADM330_18_for,CS2_Klin0785_CR_19_rev,ACTCCTACGGGAGGCAGC,GACTACHVGGGTATCTAATCC,400,500,455,16S,Bacteria,Hyena,Original,2016,V3-V4,Bac_16S_04
20,AL3544_113_F.AL3545_113_R,CS1_AL3544_113_for,CS2_AL3545_113_rev,CCCTTCATCGGIGGTAACTT,GTGGCCACCACICCCGTGCC,500,600,550,TPI,Metazoa,HMHZ,Original,2019,,Euk_TPI_01
21,ArF5_105_F.ArR5_105_R,CS1_ArF5_105_for,CS2_ArR5_105_rev,GCICCIGAYATRKCITTYCCICG,CCIGTIYTIGCIGGIGCIATYAC,300,400,350,COI,Eukaryota,Fox_Raccoon,Original,2019,Folmer,
22,Ave12F_91_F.Ave12R_92_R,CS1_Ave12F_91_for,CS2_Ave12R_92_rev,AAGACAGGTCAAGGTATAGC,GAGGGTGACGGGCGGTATG,100,200,177,12S,Metazoa,Fox_Raccoon,Original,2018,Mitochondrial,Euk_12S_01
23,BhRDr_115_F.RD5_115_R,CS1_BhRDr_115_for,CS2_RD5_115_rev,GAGCTTTTTAACTGCAACAACG,ATCTGGTTGATCCTGCCAGT,500,600,550,18S,Eukaryota,HMHZ,Original,2019,V4-V5,Euk_18S_22
24,COI_10F_3Mod_57_F.COI_500R_57_R,CS1_COI_10F_3Mod_57_for,CS2_COI_500R_57_rev,GGWDSWGGWRYWGGWTGG,CATRTGRTGDGCCCAWAC,500,600,517,COI,Eukaryota,Zebra,Modified,2017,Folmer,
25,Coleop_16Sc_68_F.Coleop_16Sd_68_R,CS1_Coleop_16Sc_68_for,CS2_Coleop_16Sd_68_rev,TGCAAAGGTAGCATAATMATTAG,TCCATAGGGTCTTCTCGTC,100,200,150,16S,Metazoa,Fox_Raccoon,Original,2018,Mitochondrial,Euk_16S_01
26,COX1.DINO.F_122_F.COX1.DINO.2.R_122_R,CS1_COX1.DINO.F_122_for,CS2_COX1.DINO.2.R_122_rev,GAATTTGGAGGTGGCACNGGNTGGACNYT,CCCATCGTATACATRTGRTGNCCCCANAC,500,600,550,COI,Eukaryota,HMHZ,Original,2019,,Euk_COI_07
27,D3A_5_3Mod_47_F.D3B_5_3Mod_47_R,CS1_D3A_5_3Mod_47_for,CS2_D3B_5_3Mod_47_rev,ACCCGTCTTGAAACACG,CGGAAGGAACCAGCTACT,300,400,315,28S,Eukaryota,Zebra,Modified,2017,D3,
28,D3A_5Mod_46_F.D3B_5Mod_46_R,CS1_D3A_5Mod_46_for,CS2_D3B_5Mod_46_rev,CCGTCTTGAAACACGGA,CGGAAGGAACCAGCTACTA,300,400,315,28S,Eukaryota,Zebra,Modified,2017,D3,Euk_28S_03
29,Df_ITSRev_114_F.Df_ITSnesFor_114_R,CS1_Df_ITSRev_114_for,CS2_Df_ITSnesFor_114_rev,GCGGGTCTTCCTATATAAACAAGAACC,ATACGTCCCTGCCCTTTGTA,300,400,350,ITS,Eukaryota,HMHZ,Original,2019,ITS1,Euk_ITS_03
30,dgLCO1490_73_F.dgHCO2198_72_R,CS1_dgLCO1490_73_for,CS2_dgHCO2198_72_rev,GGTCAACAAATCATAAAGAYATYGG,TAAACTTCAGGGTGACCAAARAAYCA,700,800,709,COI,Eukaryota,Fox_Raccoon,Original,2018,Folmer,
31,dgLCO1490_73_F.NdmlCOIintR_1_73_R,CS1_dgLCO1490_73_for,CS2_NdmlCOIintR_1_73_rev,GGTCAACAAATCATAAAGAYATYGG,GGAGGGTAAACAGTTCATCCTGTTCC,300,400,370,COI,Eukaryota,Fox_Raccoon,Original,2018,Folmer,
32,Dice11F_53Mod_94_F.Dice14R_53Mod_93_R,CS1_Dice11F_53Mod_94_for,CS2_Dice14R_53Mod_93_rev,GATCGDAAATTTDGTWCWGCG,CCHACMRTAAACATATGATGCC,200,300,250,COI,Eukaryota,Fox_Raccoon,Modified,2018,,
33,Dice11R_F_53Mod_96_F.HCO2198_R_53Mod_97_R,CS1_Dice11R_F_53Mod_96_for,CS2_HCO2198_R_53Mod_97_rev,GAYCGNMAHBTYDRNNCNDBG,TCNGGRTGNCCRAWRAAYC,100,200,110,COI,Eukaryota,Fox_Raccoon,Modified,2018,,
34,Dice1F_53Mod_95_F.HCO2198_R_53Mod_97_R,CS1_Dice1F_53Mod_95_for,CS2_HCO2198_R_53Mod_97_rev,TATTTWCNTTRGATCATAAGCGAG,TCNGGRTGNCCRAWRAAYC,600,700,690,COI,Eukaryota,Fox_Raccoon,Modified,2018,,
35,Dice1F_53Mod_95_F.SeqR1_53Mod_95_R,CS1_Dice1F_53Mod_95_for,CS2_SeqR1_53Mod_95_rev,TATTTWCNTTRGATCATAAGCGAG,CAAGCACTTAAAGCATT,200,300,290,COI,Eukaryota,Fox_Raccoon,Modified,2018,,
36,Dice1F_53Mod_95_F.SeqR2_53Mod_96_R,CS1_Dice1F_53Mod_95_for,CS2_SeqR2_53Mod_96_rev,TATTTWCNTTRGATCATAAGCGAG,CCAHGCMCTYAANGCATTC,200,300,290,COI,Eukaryota,Fox_Raccoon,Modified,2018,,
37,Ehd_239F_116_F.Ehd_88R_116_R,CS1_Ehd_239F_116_for,CS2_Ehd_88R_116_rev,ATTGTCGTGGCATCCTAACTCA,GCGGACGGCTCATTATAACA,100,200,180,18S,Eukaryota,HMHZ,Original,2019,,
38,Em_WG_MT_4506F_53Mod_83_F.Em_WG_MT_4993R_53Mod_84_R,CS1_Em_WG_MT_4506F_53Mod_83_for,CS2_Em_WG_MT_4993R_53Mod_84_rev,GTTATTAGTACTGAGTTACTAC,GAGGTAATACCATAATACTAG,400,500,484,COIII,Coccidia,Fox_Raccoon,Modified,2018,,
39,Em_WG_MTInvF_66_F.COI_1202R_66_R,CS1_Em_WG_MTInvF_66_for,CS2_COI_1202R_66_rev,ACTGGATCACCATTAAAGGCAGCA,CCAAKRAYHGCACCAAGAGATA,300,400,350,COI,Eukaryota,Fox_Raccoon,Original,2018,,
40,EntOv_430F_117_F.EntUng_900R_117_R,CS1_EntOv_430F_117_for,CS2_EntUng_900R_117_rev,GTAGTGACGACAAATAACTCTTG,TTTCGTTCTTGATTAATGAACG,400,500,450,18S,Eukaryota,HMHZ,Original,2019,V4-V5,Euk_18S_24
41,F1073_101_F.1492R_100_R,CS1_F1073_101_for,CS2_1492R_100_rev,CATGGYTGTCGTCAGCTCGT,TACGGYTACCTTGTTAYGACTT,400,500,460,16S,Bacteria,Fox_Raccoon,Original,2018,V6-V7,Bac_16S_03
42,F52_69_F.R193_69_R,CS1_F52_69_for,CS2_R193_69_rev,GTTGGATTCAAAGCTGGTGTTA,CVGTCCAMACAGTWGTCCATGT,100,200,180,rbcL,Viridiplantae,Fox_Raccoon,Original,2018,Chloroplast,Euk_rbcL_01
43,F555_87_F.R1289_88_R,CS1_F555_87_for,CS2_R1289_88_rev,AAGTCTGGTGCCAGCAGCCG,ACTAAGAACGGCCATGCACC,600,800,700,18S,Eukaryota,Fox_Raccoon,Original,2018,V4-V5,
44,fashF_56_F.fahR_3Mod_56_R,CS1_fashF_56_for,CS2_fahR_3Mod_56_rev,TATGTTTTGATTTTACCCGGG,ATGAGCAACCACAAACCAT,400,500,450,COI,Eukaryota,Zebra,Modified,2017,,
45,fwhF2_106_F.fwhR2n_106_R,CS1_fwhF2_106_for,CS2_fwhR2n_106_rev,GGDACWGGWTGAACWGTWTAYCCHCC,GTRATWGCHCCDGCTARWACWGG,200,300,250,COI,Eukaryota,Fox_Raccoon,Original,2019,Folmer,Euk_COI_02
46,GdhF_3Mod_58_F.GdhR_3Mod_59_R,CS1_GdhF_3Mod_58_for,CS2_GdhR_3Mod_59_rev,TCAACGTCAACCGCG,GTTGTCCTTGCACATCTCC,500,600,550,GDH,Giardia,Fox_Raccoon,Modified,2018,,
47,GdhF_3Mod_58_F.GdhR_5Mod_58_R,CS1_GdhF_3Mod_58_for,CS2_GdhR_5Mod_58_rev,TCAACGTCAACCGCG,TTGTCCTTGCACATCTCC,600,700,760,GDH,Giardia,Zebra,Modified,2017,,
48,GdhF_3Mod_59_F.GdhR_3Mod_59_R,CS1_GdhF_3Mod_59_for,CS2_GdhR_3Mod_59_rev,TCAACGTCAACCGCG,GTTGTCCTTGCACATCTCC,500,600,500,GDH,Giardia,Zebra,Modified,2017,,
49,Gen_600_7_F.Hadz_1200_5_R,CS1_Gen_600_7_for,CS2_Hadz_1200_5_rev,GCCGCGGTAATTCCAGCT,CCCGTGTTGAGTCAAATTAAGC,600,700,630,18S,Eukaryota,Hyena,Original,2016,V4-V5,Euk_18S_03
50,Gen_600_7_F.Mach2Gen_7_R,CS1_Gen_600_7_for,CS2_Mach2Gen_7_rev,GCCGCGGTAATTCCAGCT,TCCGTCAATTTCTTTAAGTTTCAG,500,600,580,18S,Eukaryota,Hyena,Original,2016,V4-V5,Euk_18S_04
51,Gen_600_7_F.Nem_0425_4_2_R,CS1_Gen_600_7_for,CS2_Nem_0425_4_2_rev,GCCGCGGTAATTCCAGCT,ARACATTCTTGGCAAATGCYTTC,300,400,390,18S,Eukaryota,Hyena,Original,2016,V4,Euk_18S_10
52,Gfor_3Mod_60_F.Grev_3Mod_60_R,CS1_Gfor_3Mod_60_for,CS2_Grev_3Mod_60_rev,GGGATCCGTTTCCGTAG,GGGATCCATATGCTTAAGTTCA,600,800,700,ITS,Eukaryota,Zebra,Modified,2017,ITS1,
53,Gfor_53Mod_61_F.Grev_53Mod_61_R ,CS1_Gfor_53Mod_61_for,CS2_Grev_53Mod_61_rev,CCGTTTCCGTAGGTGAAC,CCATATGCTTAAGTTCAGCG,500,600,560,ITS,Eukaryota,Zebra,Modified,2017,ITS1,
54,Hadz_1200CR_8_F.wang1624CR6L_15_R,CS1_Hadz_1200CR_8_for,CS2_wang1624CR6L_15_rev,GCTTAATTTGACTCAACACGGG,AGCGACGGGCGGTGTGTA,400,500,470,18S,Eukaryota,Hyena,Original,2016,V7-V8,
55,Hadz_566_6_F.Nem_0425_4_2_R,CS1_Hadz_566_6_for,CS2_Nem_0425_4_2_rev,CAGCAGCCGCGGTAATTCC,ARACATTCTTGGCAAATGCYTTC,400,500,409,18S,Eukaryota,Hyena,Original,2016,V4,Euk_18S_15
56,Hadz_566_6_F.Mach2Gen_7_R,CS1_Hadz_566_6_for,CS2_Mach2Gen_7_rev,CAGCAGCCGCGGTAATTCC,TCCGTCAATTTCTTTAAGTTTCAG,500,600,590,18S,Eukaryota,Hyena,Original,2016,V4-V5,Euk_18S_01
57,HCO2198_F_53Mod_97_F.Dice14R_53Mod_93_R,CS1_HCO2198_F_53Mod_97_for,CS2_Dice14R_53Mod_93_rev,TYWTYGGNCAYCCNGARG,CCHACMRTAAACATATGATGCC,100,200,180,COI,Eukaryota,Fox_Raccoon,Modified,2018,,
58,HSPF3_112_F.HSPR3_112_R,CS1_HSPF3_112_for,CS2_HSPR3_112_rev,GCTGSTGATACTCACTTGGGTGG,CTCTTGTCCATACCAGCATCC,300,400,350,HSP70,Eukaryota,HMHZ,Original,2019,,Euk_HSP_01
59,Ins16S_1shortF_70_F.Ins16S_1shortR_70_R,CS1_Ins16S_1shortF_70_for,CS2_Ins16S_1shortR_70_rev,RGACGAGAAGACCCTATARA,ACGCTGTTATCCCTAARGTA,100,200,190,16S,Metazoa,Fox_Raccoon,Original,2018,Mitochondrial,Euk_16S_03
60,ITS1_129_F.ITS2_129_R,CS1_ITS1_129_for,CS2_ITS2_129_rev,TCCGTAGGTGAACCTGCGG,GCTGCGTTCTTCATCGATGC,200,500,300,ITS,Eukaryota,HMHZ,Original,2019,ITS1,Euk_ITS_02
61,ITS4_Fwd_5Mod_51_F.ITS1F_Rev_5Mod_51_R ,CS1_ITS4_Fwd_5Mod_51_for,CS2_ITS1F_Rev_5Mod_51_rev,CCTCCGCTTATTGATATGC,NNCTTGGTCATTTAGAGGAAGTAA,500,700,650,ITS,Eukaryota,Zebra,Modified,2017,ITS1,
62,JB3_109_F.JB4.5_109_R,CS1_JB3_109_for,CS2_JB4.5_109_rev,TTTTTTGGGCATCCTGAGGTTTAT,TAAAGAAAGAACATAATGAAAATG,400,500,450,COI,Metazoa,Fox_Raccoon,Original,2019,,
63,JVF_85_F.DSPR2_86_R,CS1_JVF_85_for,CS2_DSPR2_86_rev,GTTGATCCTGCCAGTATTATATG,CACTATTGGAGCTGGAATTAC,500,600,586,18S,Eukaryota,Fox_Raccoon,Original,2018,,
64,Klin0341_19_F.907R_101_R,CS1_Klin0341_19_for,CS2_907R_101_rev,CTACGGGNGGCWGCAG,CCGTCAATTCMTTTRAGTTT,500,600,584,16S,Bacteria,Fox_Raccoon,Original,2018,V3-V5,Bac_16S_10
65,Klin0341_19_F.Klin0785_CR_19_R,CS1_Klin0341_19_for,CS2_Klin0785_CR_19_rev,CCTACGGGNGGCWGCAG,GACTACHVGGGTATCTAATCC,400,500,444,16S,Bacteria,Hyena,Original,2016,V3-V4,Bac_16S_05
66,L14816_79_F.H15173_80_R,CS1_L14816_79_for,CS2_H15173_80_rev,CCATCCAACATCTCAGCATGATGAAA,CCCTCAGAATGATATTTGTCCTCA,300,400,360,CytB,Metazoa,Fox_Raccoon,Original,2018,,
67,L2513_64_F.H2714_64_R,CS1_L2513_64_for,CS2_H2714_64_rev,GCCTGTTTACCAAAAACATCAC,CTCCATAGGGTCTTCTCGTCTT,200,300,244,16S,Metazoa,Fox_Raccoon,Original,2018,Mitochondrial,Euk_16S_02
68,LCO1490_43_F.HCO2198_5Mod_43_R,CS1_LCO1490_43_for,CS2_HCO2198_5Mod_43_rev,GGTCAACAAATCATAAAGATATTGG,ACAGGGTGACCAAAAATCA,600,700,650,COI,Eukaryota,Zebra,Modified,2017,Folmer,
69,LepF1_120_F.M_LepF1_R_120_R,CS1_LepF1_120_for,CS2_M_LepF1_Rev_120_rev,ATTCAACCAATCATAAAGATATTGG,CGTGGAAAWGCTATATCWGGTG,200,300,250,COI,Eukaryota,HMHZ,Original,2019,Folmer,Euk_COI_06
70,LSU_Fwd_2_3Mod_55_F.LSU_Rev_4_54_R,CS1_LSU_Fwd_2_3Mod_55_for,CS2_LSU_Rev_4_54_rev,ACAAGTACCDTRAGGGAAAGTT,GTTAGACTYCTTGGTCCGTG,400,500,550,28S,Eukaryota,Fox_Raccoon,Modified,2018,D2,Euk_28S_02
71,LSU_Fwd_2_3Mod_55_F.LSU_Rev_4_55_R,CS1_LSU_Fwd_2_3Mod_55_for,CS2_LSU_Rev_4_55_rev,ACAAGTACCDTRAGGGAAAGTT,GTTAGACTYCTTGGTCCGTG,400,500,550,28S,Eukaryota,Zebra,Modified,2017,D2,
72,LSU_Fwd_2_5Mod_54_F.LSU_Rev_4_54_R,CS1_LSU_Fwd_2_5Mod_54_for,CS2_LSU_Rev_4_54_rev,CAAGTACCDTRAGGGAAAGTTG,GTTAGACTYCTTGGTCCGTG,400,500,550,28S,Eukaryota,Zebra,Modified,2017,D2,
73,Mach1_9_F.Mach2Gen_7_R,CS1_Mach1_9_for,CS2_Mach2Gen_7_rev,TGGTGCCAGCAGCCGC,TCCGTCAATTTCTTTAAGTTTCAG,500,600,590,18S,Eukaryota,Hyena,Original,2016,V4-V5,Euk_18S_06
74,Mach1_9_F.Nem_0425_4_2_R,CS1_Mach1_9_for,CS2_Nem_0425_4_2_rev,TGGTGCCAGCAGCCGC,GAARACATTCTTGGCAAATGCY,400,500,550,18S,Eukaryota,Hyena,Original,2016,V4,
75,Mamm1F_90_F.Mamm1R_91_R,CS1_Mamm1F_90_for,CS2_Mamm1R_91_rev,CAACGGAACAAGTTACCCTAG,GAACCGACCTGGATTACTC,100,200,187,16S,Metazoa,Fox_Raccoon,Original,2018,Mitochondrial,
76,MarkN_10_F.Euk360_CR_21_R,CS1_MarkN_10_for,CS2_Euk360_CR_21_rev,GCTTGTCTCAAAGATTAAGCCN,TCTCAKGCKCCYTCTCCG,300,400,380,18S,Eukaryota,Hyena,Original,2016,V1-V2,Euk_18S_05
77,MarkN_10_F.Proti440R_28_R,CS1_MarkN_10_for,CS2_Proti440R_28_rev,GCTTGTCTCAAAGATTAAGCCN,CAGGCYCSCTCTCCGGA,300,400,380,18S,Eukaryota,Hyena,Original,2016,V1-V2,Euk_18S_02
78,matK_KIM1R_76_F.matK_KIM3F_76_R,CS1_matK_KIM1R_76_for,CS2_matK_KIM3F_76_rev,ACCCAGTCCATCTGGAAATCTTGGTTC,CGTACAGTACTTTTGTGTTTACGAG,800,900,880,matK,Viridiplantae,Fox_Raccoon,Original,2018,,
79,mlCOIintF_121_F.Fol_degen_R_121_R,CS1_mlCOIintF_121_for,CS2_Fol_degen_rev_121_rev,GGWACWGGWTGAACWGTWTAYCCYCC,TANACYTCNGGRTGNCCRAARAAYCA,300,400,350,COI,Eukaryota,HMHZ,Original,2019,Folmer,Euk_COI_05
80,mlCOIintF_3Mod_45_F.HCO2198_5Mod_45_R,CS1_mlCOIintF_3Mod_45_for,CS2_HCO2198_5Mod_45_rev,GGWACWGGWTGAACWGTWTAYCC,ACAGGGTGACCAAAAATCA,300,400,309,COI,Eukaryota,Zebra,Modified,2017,Folmer,
81,mlCOIintF_5Mod_44_F.HCO2198_5Mod_44_R,CS1_mlCOIintF_5Mod_44_for,CS2_HCO2198_5Mod_44_rev,WGGWTGAACWGTWTAYCCYCC,ACAGGGTGACCAAAAATCA,300,400,309,COI,Eukaryota,Zebra,Modified,2017,Folmer,
82,mlCOIintF_XT_104_F.JgHCO2198_104_R,CS1_mlCOIintF_XT_104_for,CS2_JgHCO2198_104_rev,GGWACWRGWTGRACWITITAYCCYCC,TAIACYTCIGGRTGICCRAARAAYCA,300,400,365,COI,Eukaryota,Fox_Raccoon,Original,2019,Folmer,Euk_COI_03
83,NdmlCOIlintF_1_72_F.dgHCO2198_72_R,CS1_NdmlCOIlintF_1_72_for,CS2_dgHCO2198_72_rev,GGAACAGGATGAACTGTTTACCCTCC,TAAACTTCAGGGTGACCAAARAAYCA,300,400,365,COI,Eukaryota,Fox_Raccoon,Original,2018,Folmer,Euk_COI_01
84,Nem_0425_6CR_14_F.EukB_MH_24_R,CS1_Nem_0425_6CR_14_for,CS2_EukB_MH_24_rev,ATAACAGGTCTGTGATGCCCTT,TGATCCTTCTGCAGGTTCACC,300,400,380,18S,Eukaryota,Hyena,Original,2016,V8-V9,Euk_18S_09
85,NL1_5Mod_49_F.NL4_5Mod_49_R,CS1_NL1_5Mod_49_for,CS2_NL4_5Mod_49_rev,ATATCAATAAGCGGAGGAAAAG,TCCGTGTTTCAAGACGG,600,700,600,28S,Eukaryota,Zebra,Modified,2017,D2,
86,NLF184cw _74_F.NL818cw_74_R,CS1_NLF184cw _74_for,CS2_NL818cw_74_rev,TACCCGCTGAAYTTAAGCATAT,AGACTCCTTGGTCCRTGT,500,800,650,28S,Eukaryota,Fox_Raccoon,Original,2018,D2,Euk_28S_01
87,Plat_diploCOX1F_89_F.Plat_diploCOX1R_90_R,CS1_Plat_diploCOX1F_89_for,CS2_Plat_diploCOX1R_90_rev,CGTTTRAATTATACGGATCC,AGCATAGTAATMGCAGCAGC,500,600,503,COI,Eukaryota,Fox_Raccoon,Original,2018,,
88,Prot1702_32_F.EukB_MH_24_R,CS1_Prot1702_32_for,CS2_EukB_MH_24_rev,YGGTGRTGCATGGCCGYT,TGATCCTTCTGCAGGTTCACC,500,600,540,18S,Eukaryota,Hyena,Original,2016,V9,Euk_18S_16
89,Prot1702_32_F.EukB_MV_25_R,CS1_Prot1702_32_for,CS2_EukB_MV_25_rev,YGGTGRTGCATGGCCGYT,TCCTTCTGCAGGTTCACCTAC,500,600,540,18S,Eukaryota,Hyena,Original,2016,V7-V9,Euk_18S_19
90,Prot1702_32_F.wang1624CR6S_15_R,CS1_Prot1702_32_for,CS2_wang1624CR6L_15_rev,YGGTGRTGCATGGCCGYT,GGGCGGTGTGTACAAAGG,500,600,350,18S,Eukaryota,Hyena,Original,2016,V7-V8,
91,Prot1702_32_F.wang1624CR6S_16_R,CS1_Prot1702_32_for,CS2_wang1624CR6S_16_rev,YGGTGRTGCATGGCCGYT,GGGCGGTGTGTACAAAGG,300,400,390,18S,Eukaryota,Fox_Raccoon,Original,2018,V7-V8,Euk_18S_13
92,Proti15_25_F.Proti440R_28_R,CS1_Proti15_25_for,CS2_Proti440R_28_rev,TGCCAGTAGTCATATGCTTGTYT,CAGGCYCSCTCTCCGGA,300,400,390,18S,Eukaryota,Hyena,Original,2016,V1-V2,Euk_18S_11
93,Proti1580_33_F.wang1624CR6S_15_R,CS1_Proti1580_33_for,CS2_wang1624CR6L_15_rev,TTGACGGARKGGYACCACMA,GGGCGGTGTGTACAAAGG,500,600,550,18S,Eukaryota,Hyena,Original,2016,V6-V8,
94,Proti1580_33_F.wang1624CR6S_16_R,CS1_Proti1580_33_for,CS2_wang1624CR6S_16_rev,TTGACGGARKGGYACCACMA,GGGCGGTGTGTACAAAGG,500,600,520,18S,Eukaryota,Fox_Raccoon,Original,2018,V6-V8,Euk_18S_17
95,Proti628_30_F.wang1141CR_14_R,CS1_Proti628_30_for,CS2_wang1141CR_14_rev,GTCTGGTGCCAGCASCC,GGTGCCCTTCCGTCAATTC,600,700,615,18S,Eukaryota,Hyena,Original,2016,V4-V5,Euk_18S_12
96,Proti643_31_F.Proti1580R_32_R,CS1_Proti643_31_for,CS2_Proti1580R_32_rev,CCGCGGTAATTCCAGCTC,TKGTGGTRCCMYTCCGTCAA,500,600,598,18S,Eukaryota,Hyena,Original,2016,V4-V5,Euk_18S_07
97,Proti643_31_F.wang1141CR_14_R,CS1_Proti643_31_for,CS2_wang1141CR_14_rev,CCGCGGTAATTCCAGCTC,GGTGCCCTTCCGTCAATTC,500,600,590,18S,Eukaryota,Hyena,Original,2016,V4-V5,Euk_18S_08
98,psbA3_f_5Mod_41_F.trnHf_05_5Mod_41_R,CS1_psbA3_f_5Mod_41_for,CS2_trnHf_05_5Mod_41_rev,TTATGCATGAACGTAATGCTC,CATGGTGGATTCACAATCC,300,600,550,trnH_psbA,Viridiplantae,Zebra,Modified,2017,,
99,rbcL_a_f_5Mod_38_F.rbcL_a_r_5Mod_38_R,CS1_rbcL_a_f_5Mod_38_for,CS2_rbcL_a_r_5Mod_38_rev,CACCACAAACAGAGACTAAAGC,CTGCTACAAATAAGAATCGATCTC,600,700,663,rbcL,Viridiplantae,Zebra,Modified,2017,Chloroplast,
100,rbcL_a_f_5Mod_40_F.rbcLa_Fof_R_40_R,CS1_rbcL_a_f_5Mod_40_for,CS2_rbcLa_Fof_R _40_rev,CACCACAAACAGAGACTAAAGC,GTAAAATCAAGTCCACCRCG ,500,600,550,rbcL,Viridiplantae,Zebra,Modified,2017,Chloroplast,
101,rbcLa_F_77_F.rbcLa_R_77_R,CS1_rbcLa_F_77_for,CS2_rbcLa_R_77_rev,ATGTCACCACAAACAGAGACTAAAGC,GTAAAATCAAGTCCACCRCG,500,700,600,rbcL,Viridiplantae,Fox_Raccoon,Original,2018,Chloroplast,
102,rbcLa_F_77_F.rbcLajf634R_78_R,CS1_rbcLa_F_77_for,CS2_rbcLajf634R_78_rev,ATGTCACCACAAACAGAGACTAAAGC,GAAACGGTCTCTCCAACGCAT,600,700,650,rbcL,Viridiplantae,Fox_Raccoon,Original,2018,Chloroplast,
103,S2F_80_F.S3R_81_R,CS1_S2F_80_for,CS2_S3R_81_rev,ATGCGATACTTGGTGTGAAT,GACGCTTCTCCAGACTACAAT,400,500,480,ITS,Viridiplantae,Fox_Raccoon,Original,2018,ITS1,Euk_ITS_01
104,SeqF1_53Mod_92_F.Dice14R_53Mod_93_R,CS1_SeqF1_53Mod_92_for,CS2_Dice14R_53Mod_93_rev,AATGCTTTAAGTGCTTG,CCHACMRTAAACATATGATGCC,500,600,590,COI,Eukaryota,Fox_Raccoon,Modified,2018,,
105,SeqF2_53Mod_93_F.Dice11R_94_R,CS1_SeqF2_53Mod_93_for,CS2_Dice11R_94_rev,GAATGCNTTRAGKGCDTGTT,GCWGWACHAAATTTHCGATC,300,400,390,COI,Eukaryota,Fox_Raccoon,Modified,2018,,
106,SPH16S_F_75_F.SPH16S_R_75_R,CS1_SPH16S_F_75_for,CS2_SPH16S_R_75_rev,TAGGGGAAGGTATGAATGGTTTG,ACATCGAGGTCGCAACC,200,400,300,16S,Metazoa,Fox_Raccoon,Original,2018,Mitochondrial,
107,TFR1_86_F.TFR2_87_R,CS1_TFR1_86_for,CS2_TFR2_87_rev,TGCTTCAGTTCAGCGGGTCTTCC,CGGTAGGTGAACCTGCCGTTGG,300,400,350,ITS,Eukaryota,Fox_Raccoon,Original,2018,ITS1,
108,trnL(UAA)c_3Mod_35_F.trnL(UAA)d_3Mod_35_R ,CS1_trnL(UAA)c_3Mod_35_for,CS2_trnL(UAA)d_3Mod_35_rev,CGAAATCGGTAGACGCTAC,GGGGATAGAGGGACTTGAA,200,800,571,trnL,Viridiplantae,Zebra,Modified,2017,,
109,trnL(UAA)c_5Mod_34_F.trnL(UAA)d_3Mod_34_R ,CS1_trnL(UAA)c_5Mod_34_for,CS2_trnL(UAA)d_3Mod_34_rev,GAAATCGGTAGACGCTACG,GGGGATAGAGGGACTTGAA,200,800,580,trnL,Viridiplantae,Zebra,Modified,2017,,
110,trnL(UAA)g_65_F.trnL(UAA)h_65_R,CS1_trnL(UAA)g_65_for,CS2_trnL(UAA)h_65_rev,GGGCAATCCTGAGCCAA,CCATTGAGTCTCTGCACCTATC,80,200,100,trnL,Viridiplantae,Fox_Raccoon,Original,2018,,
111,trnL5BR_3Mod_36_F.trnL3D2_3Mod_36_R,CS1_trnL5BR_3Mod_36_for,CS2_trnL3D2_3Mod_36_rev,GATATGGCGAAATCGGTAG,TGGGGATAGAGGGACTTG,600,700,650,trnL,Viridiplantae,Zebra,Modified,2017,,
112,Uni_MinibarF1_71_F.Uni_MinibarR1_71_R,CS1_Uni_MinibarF1_71_for,CS2_Uni_MinibarR1_71_rev,GAAAATCATAATGAAGGCATGAGC,TCCACTAATCACAARGATATTGGTAC,100,200,170,COI,Eukaryota,Fox_Raccoon,Original,2018,Folmer,
113,V1_84_F.PMP2_85_R,CS1_V1_84_for,CS2_PMP2_85_rev,CACCAGGTTGATTCTGCCTGAC,CCTCTCCGGAACCAAACCCTG,200,300,250,18S,Eukaryota,Fox_Raccoon,Original,2018,V1-V2,
114,VF1d_t1_81_F.VR1d_t1_82_R,CS1_VF1d_t1_81_for,CS2_VR1d_t1_82_rev,TTCTCAACCAACCACAARGAYATYGG,TAGACTTCTGGGTGGCCRAARAAYCA,700,800,710,COI,Eukaryota,Fox_Raccoon,Original,2018,,
115,VF1i_t1N_82_F.VR1i_t1N_83_R,CS1_VF1i_t1N_82_for,CS2_VR1i_t1N_83_rev,TTCTCAACCAACCANAANGANATNGG,TAGACTTCTGGGTGNCCNAANAANCA,700,800,710,COI,Eukaryota,Fox_Raccoon,Original,2018,,
116,wang1141_13_F.Nem_0425_6_3_R,CS1_wang1141_13_for,CS2_Nem_0425_6_3_rev,GAATTGACGGAAGGGCACC,AAGGGCATCACAGACCTGTTAT,300,400,320,18S,Eukaryota,Hyena,Original,2016,V6-V7,Euk_18S_21
117,ZBJ_ArtF1c_67_F.ZBJ_ArtR2c_67_R,CS1_ZBJ_ArtF1c_67_for,CS2_ZBJ_ArtR2c_67_rev,AGATATTGGAACWTTATATTTTATTTTTGG,WACTAATCAATTWCCAAATCCTCC,200,300,211,COI,Eukaryota,Fox_Raccoon,Original,2018,Folmer,Euk_COI_04
118,GDH3_133_F.GHD4_133_R,CS1_GDH3_133_for,CS2_GHD4_133_rev,ATGACYGAGCTYCAGAGGCACGT,GTGGCGCARGGCATGATGCA,500,600,530,GDH,Giardia,HMHZ,Original,2019,,Euk_GDH_01
119,54F_134_F.539R_134_R,CS1_54F_134_for,CS2_539R_134_rev,CAYGTCTAAGTATAAATAACTAC,CTTGCCCTCYAATCGTWCT,400,500,485,18S,Ciliates,HMHZ,Original,2019,V1-V3,Euk_18S_23
120,Bgf _132_F.Bgr_132_R,CS1_BGf _132_for,CS2_Bgr_132_rev,GAACGAACGAGATCGAGGTCCG,CTCGACGAGCTTCGTGTT,500,600,511,BG,Giardia,HMHZ,Original,2019,,Euk_BG_01
121,Eim_Ap5_F_60_F.Eim_Ap5_R_60_R,CS1_Eim_Ap5_60_for,CS2_Eim_Ap5_60_rev,YAAAGGAATTTGAATCCTCGTTT,YAGAATTGATGCCTGAGYGGTC,400,500,455,tRNA,Eimeria,HMHZ,Original,2019,Apicoplast,Euk_tRNA_01
122,27M_F_98_F.Klin0341_CR_18_R ,CS1_27M_F_98_for,CS2_Klin0341_CR_18_rev,AGRGTTTGATCMTGGCTCAG,CTGCWGCCNCCCGTAGG,300,400,333,16S,Bacteria,Hyena,Original,2016,V1-V2,Bac_16S_09
123,Eim_ORFZ_131_F.Eim_ORFVH_131_R,CS1_Eim_ORFZ_131_F,CS2_Eim_ORFVH_131_R,GATGATATATCTTATTATTCAATTCCTT,CCACGATACCAATTTTGTACTGT,500,600,577,ORF470,Eimeria,HMHZ,Original,2019,Apicoplast,Euk_ORF470_01
