Primer_name,Name_F,Name_R,Seq_F,Seq_R,Min,Max,Assay,Gen,Target
Mamm1F_90_F.Mamm1R_91_R,CS1_Mamm1F_90_for,CS2_Mamm1R_91_rev,CAACGGAACAAGTTACCCTAG,GAACCGACCTGGATTACTC,100,200,Test,16S,Metazoa
Coleop_16Sc_68_F.Coleop_16Sd_68_R,CS1_Coleop_16Sc_68_for,CS2_Coleop_16Sd_68_rev,TGCAAAGGTAGCATAATMATTAG,TCCATAGGGTCTTCTCGTC,100,200,Test,16S,Metazoa
F52_69_F.R193_69_R,CS1_F52_69_for,CS2_R193_69_rev,GTTGGATTCAAAGCTGGTGTTA,CVGTCCAMACAGTWGTCCATGT,100,200,Test,rbcL,Viridiplantae
wang1141_13_F.Nem_0425_6_3_R,CS1_wang1141_13_for,CS2_Nem_0425_6_3_rev,GAATTGACGGAAGGGCACC,AAGGGCATCACAGACCTGTTAT,300,400,Test,18S,Eukaryota
L2513_64_F.H2714_64_R,CS1_L2513_64_for,CS2_H2714_64_rev,GCCTGTTTACCAAAAACATCAC,CTCCATAGGGTCTTCTCGTCTT,200,300,Test,16S,Metazoa
D3A_5Mod_46_F.D3B_5Mod_46_R,CS1_D3A_5Mod_46_for,CS2_D3B_5Mod_46_rev,CCGTCTTGAAACACGGA,CGGAAGGAACCAGCTACTA,300,400,Test,28S,Eukaryota
D3A_5_3Mod_47_F.D3B_5_3Mod_47_R,CS1_D3A_5_3Mod_47_for,CS2_D3B_5_3Mod_47_rev,ACCCGTCTTGAAACACG,CGGAAGGAACCAGCTACT,300,400,Test,28S,Eukaryota
ACM_008_17_F.ADM330_CR_17_R,CS1_ACM_008_17_for,CS2_ADM330_CR_17_rev,AGAGTTTGATCCTGGCTCAG,GCTGCCTCCCGTAGGAGT,300,400,Test,16S,Bacteria
27M_F_98_F.CCR_98_R,CS1_27M_F_98_for,CS2_CCR_98_rev,AGRGTTTGATCMTGGCTCAG,GCTGCCTCCCGTAGGAGTCTGG,300,400,Test,16S,Bacteria
18S_0067a_deg_5Mod_52_F.NSR399_5Mod_52_R,CS1_18S_0067a_deg_5Mod_52_for,CS2_NSR 399_5Mod_52_rev,GCCATGCATGYCTAAGTATMA,AGGCTCCYTCTCCGG,300,400,Test,18S,Eukaryota
Nem_0425_6CR_14_F.EukB_MH_24_R,CS1_Nem_0425_6CR_14_for,CS2_EukB_MH_24_rev,ATAACAGGTCTGTGATGCCCTT,TGATCCTTCTGCAGGTTCACC,300,400,Test,18S,Eukaryota
Ave12F_91_F.Ave12R_92_R,CS1_Ave12F_91_for,CS2_Ave12R_92_rev,AAGACAGGTCAAGGTATAGC,GAGGGTGACGGGCGGTATG,100,200,Test,16S,Metazoa
LSU_Fwd_2_3Mod_55_F.LSU_Rev_4_54_R,CS1_LSU_Fwd_2_3Mod_55_for,CS2_LSU_Rev_4_54_rev,ACAAGTACCDTRAGGGAAAGTT,GTTAGACTYCTTGGTCCGTG,400,500,Test,28S,Eukaryota
ACM_008_17_F.Klin0341_CR_18_R,CS1_ACM_008_17_for,CS2_Klin0341_CR_18_rev,AGAGTTTGATCCTGGCTCAG,CTGCWGCCNCCCGTAGG,300,400,Test,16S,Bacteria
trnL(UAA)g_65_F.trnL(UAA)h_65_R,CS1_trnL(UAA)g_65_for,CS2_trnL(UAA)h_65_rev,GGGCAATCCTGAGCCAA,CCATTGAGTCTCTGCACCTATC,80,200,Test,trnL,Viridiplantae
16S.1100.F16_100_F.1492R_100_R,CS1_16S.1100.F16_100_for,CS2_1492R_100_rev,CAACGAGCGCAACCCT,TACGGYTACCTTGTTAYGACTT,400,500,Test,16S,Bacteria
MarkN_10_F.Euk360_CR_21_R,CS1_MarkN_10_for,CS2_Euk360_CR_21_rev,GCTTGTCTCAAAGATTAAGCCN,TCTCAKGCKCCYTCTCCG,300,400,Test,18S,Eukaryota
ADM330_18_F.Klin0785_CR_19_R,CS1_ADM330_18_for,CS2_Klin0785_CR_19_rev,ACTCCTACGGGAGGCAGC,GACTACHVGGGTATCTAATCC,400,500,Test,16S,Bacteria
MarkN_10_F.Proti440R_28_R,CS1_MarkN_10_for,CS2_Proti440R_28_rev,GCTTGTCTCAAAGATTAAGCCN,CAGGCYCSCTCTCCGGA,300,400,Test,18S,Eukaryota
Gen_600_7_F.Nem_0425_4_2_R,CS1_Gen_600_7_for,CS2_Nem_0425_4_2_rev,GCCGCGGTAATTCCAGCT,ARACATTCTTGGCAAATGCYTTC,300,400,Test,18S,Eukaryota
L14816_79_F.H15173_80_R,CS1_L14816_79_for,CS2_H15173_80_rev,CCATCCAACATCTCAGCATGATGAAA,CCCTCAGAATGATATTTGTCCTCA,300,400,Test,CytB,Metazoa
Klin0341_19_F.Klin0785_CR_19_R,CS1_Klin0341_19_for,CS2_Klin0785_CR_19_rev,CCTACGGGNGGCWGCAG,GACTACHVGGGTATCTAATCC,400,500,Test,16S,Bacteria
Proti15_25_F.Proti440R_28_R,CS1_Proti15_25_for,CS2_Proti440R_28_rev,TGCCAGTAGTCATATGCTTGTYT,CAGGCYCSCTCTCCGGA,300,400,Test,18S,Eukaryota
F1073_101_F.1492R_100_R,CS1_F1073_101_for,CS2_1492R_100_rev,CATGGYTGTCGTCAGCTCGT,TACGGYTACCTTGTTAYGACTT,400,500,Test,16S,Bacteria
Hadz_566_6_F.Nem_0425_4_2_R,CS1_Hadz_566_6_for,CS2_Nem_0425_4_2_rev,CAGCAGCCGCGGTAATTCC,ARACATTCTTGGCAAATGCYTTC,300,400,Test,18S,Eukaryota
18S_0067a_deg_3Mod_53_F.NSR399_3Mod_53_R,CS1_18S_0067a_deg_3Mod_53_for,CS2_NSR 399_3Mod_53_rev,AAGCCATGCATGYCTAAGTATM,TCTCAGGCTCCYTCTCC,300,400,Test,18S,Eukaryota
515F_99_F.R1073_103_R,CS1_515F_99_for,CS2_R1073_103_rev,GTGCCAGCMGCCGCGGTAA,ACGAGCTGACGACARCCATG,500,600,Test,16S,Bacteria
Ins16S_1shortF_70_F.Ins16S_1shortR_70_R,CS1_Ins16S_1shortF_70_for,CS2_Ins16S_1shortR_70_rev,RGACGAGAAGACCCTATARA,ACGCTGTTATCCCTAARGTA,100,200,Test,16S,Metazoa
Proti628_30_F.wang1141CR_14_R,CS1_Proti628_30_for,CS2_wang1141CR_14_rev,GTCTGGTGCCAGCASCC,GGTGCCCTTCCGTCAATTC,500,600,Test,18S,Eukaryota
ZBJ_ArtF1c_67_F.ZBJ_ArtR2c_67_R,CS1_ZBJ_ArtF1c_67_for,CS2_ZBJ_ArtR2c_67_rev,AGATATTGGAACWTTATATTTTATTTTTGG,WACTAATCAATTWCCAAATCCTCC,200,300,Test,COI,Eukaryota
Prot1702_32_F.wang1624CR6S_16_R,CS1_Prot1702_32_for,CS2_wang1624CR6S_16_rev,YGGTGRTGCATGGCCGYT,GGGCGGTGTGTACAAAGG,300,400,Test,18S,Eukaryota
S2F_80_F.S3R_81_R,CS1_S2F_80_for,CS2_S3R_81_rev,ATGCGATACTTGGTGTGAAT,GACGCTTCTCCAGACTACAAT,400,500,Test,ITS1,Viridiplantae
Proti1580_33_F.wang1624CR6S_16_R,CS1_Proti1580_33_for,CS2_wang1624CR6S_16_rev,TTGACGGARKGGYACCACMA,GGGCGGTGTGTACAAAGG,500,600,Test,18S,Eukaryota
F555_87_F.R1289_88_R,CS1_F555_87_for,CS2_R1289_88_rev,AAGTCTGGTGCCAGCAGCCG,ACTAAGAACGGCCATGCACC,600,800,Test,18S,Eukaryota
NdmlCOIlintF_1_72_F.dgHCO2198_72_R,CS1_NdmlCOIlintF_1_72_for,CS2_dgHCO2198_72_rev,GGAACAGGATGAACTGTTTACCCTCC,TAAACTTCAGGGTGACCAAARAAYCA,300,400,Test,COI,Eukaryota
Prot1702_32_F.EukB_MV_25_R,CS1_Prot1702_32_for,CS2_EukB_MV_25_rev,YGGTGRTGCATGGCCGYT,TCCTTCTGCAGGTTCACCTAC,400,500,Test,18S,Eukaryota
Prot1702_32_F.EukB_MH_24_R,CS1_Prot1702_32_for,CS2_EukB_MH_24_rev,YGGTGRTGCATGGCCGYT,TGATCCTTCTGCAGGTTCACC,400,500,Test,18S,Eukaryota
515F_99_F.1100R_102_R,CS1_515F_99_for,CS2_1100R_102_rev,GTGCCAGCMGCCGCGGTAA,AGGGTTGCGCTCGTTG,600,700,Test,16S,Bacteria
Gen_600_7_F.Mach2Gen_7_R,CS1_Gen_600_7_for,CS2_Mach2Gen_7_rev,GCCGCGGTAATTCCAGCT,TCCGTCAATTTCTTTAAGTTTCAG,300,400,Test,18S,Eukaryota
Proti643_31_F.Proti1580R_32_R,CS1_Proti643_31_for,CS2_Proti1580R_32_rev,CCGCGGTAATTCCAGCTC,TKGTGGTRCCMYTCCGTCAA,500,600,Test,18S,Eukaryota
Proti643_31_F.wang1141CR_14_R,CS1_Proti643_31_for,CS2_wang1141CR_14_rev,CCGCGGTAATTCCAGCTC,GGTGCCCTTCCGTCAATTC,500,600,Test,18S,Eukaryota
Hadz_566_6_F.Mach2Gen_7_R,CS1_Hadz_566_6_for,CS2_Mach2Gen_7_rev,CAGCAGCCGCGGTAATTCC,TCCGTCAATTTCTTTAAGTTTCAG,500,600,Test,18S,Eukaryota
18S9modF_88_F.18S637modR_89_R,CS1_18S9modF_88_for,CS2_18S637modR_89_rev,ATCCTGCCAGTAGTCATATGCTTG,TACGCTWYTGGAGCTGGAGTTACCG,600,700,Test,18S,Eukaryota
Mach1_9_F.Mach2Gen_7_R,CS1_Mach1_9_for,CS2_Mach2Gen_7_rev,TGGTGCCAGCAGCCGC,TCCGTCAATTTCTTTAAGTTTCAG,500,600,Test,18S,Eukaryota
Gen_600_7_F.Hadz_1200_5_R,CS1_Gen_600_7_for,CS2_Hadz_1200_5_rev,GCCGCGGTAATTCCAGCT,CCCGTGTTGAGTCAAATTAAGC,500,600,Test,18S,Eukaryota
NLF184cw_74_F.NL818cw_74_R,CS1_NLF184cw _74_for,CS2_NL818cw_74_rev,TACCCGCTGAAYTTAAGCATAT,AGACTCCTTGGTCCRTGT,500,800,Test,28S,Eukaryota
rbcLa_F_77_F.rbcLa_R_77_R,CS1_rbcLa_F_77_for,CS2_rbcLa_R_77_rev,ATGTCACCACAAACAGAGACTAAAGC,GTAAAATCAAGTCCACCRCG,500,700,Test,rbcL,Viridiplantae
dgLCO1490_73_F.NdmlCOIintR_1_73_R,CS1_dgLCO1490_73_for,CS2_NdmlCOIintR_1_73_rev,GGTCAACAAATCATAAAGAYATYGG,GGAGGGTAAACAGTTCATCCTGTTCC,300,400,Test,COI,Eukaryota
VF1i_t1N_82_F.VR1i_t1N_83_R,CS1_VF1i_t1N_82_for,CS2_VR1i_t1N_83_rev,TTCTCAACCAACCANAANGANATNGG,TAGACTTCTGGGTGNCCNAANAANCA,700,800,Test,COI,Eukaryota
VF1d_t1_81_F.VR1d_t1_82_R,CS1_VF1d_t1_81_for,CS2_VR1d_t1_82_rev,TTCTCAACCAACCACAARGAYATYGG,TAGACTTCTGGGTGGCCRAARAAYCA,700,800,Test,COI,Eukaryota
JVF_85_F.DSPR2_86_R,CS1_JVF_85_for,CS2_DSPR2_86_rev,GTTGATCCTGCCAGTATTATATG,CACTATTGGAGCTGGAATTAC,500,600,Test,18S,Eukaryota
rbcLa_F_77_F.rbcLajf634R_78_R,CS1_rbcLa_F_77_for,CS2_rbcLajf634R_78_rev,ATGTCACCACAAACAGAGACTAAAGC,GAAACGGTCTCTCCAACGCAT,600,700,Test,rbcL,Viridiplantae
Klin0341_19_F.907R_101_R,CS1_Klin0341_19_for,CS2_907R_101_rev,CTACGGGNGGCWGCAG,CCGTCAATTCMTTTRAGTTT,500,600,Test,16S,Bacteria
TFR1_86_F.TFR2_87_R,CS1_TFR1_86_for,CS2_TFR2_87_rev,TGCTTCAGTTCAGCGGGTCTTCC,CGGTAGGTGAACCTGCCGTTGG,300,400,Test,ITS1,Eukaryota
GdhF_3Mod_58_F.GdhR_3Mod_59_R,CS1_GdhF_3Mod_58_for,CS2_GdhR_3Mod_59_rev,TCAACGTCAACCGCG,GTTGTCCTTGCACATCTCC,500,600,Test,18S,Eukaryota
dgLCO1490_73_F.dgHCO2198_72_R,CS1_dgLCO1490_73_for,CS2_dgHCO2198_72_rev,GGTCAACAAATCATAAAGAYATYGG,TAAACTTCAGGGTGACCAAARAAYCA,700,800,Test,COI,Eukaryota
Dice11R_F_53Mod_96_F.HCO2198_R_53Mod_97_R,CS1_Dice11R_F_53Mod_96_for,CS2_HCO2198_R_53Mod_97_rev,GAYCGNMAHBTYDRNNCNDBG,TCNGGRTGNCCRAWRAAYC,100,200,Test,COI,Eukaryota
matK_KIM1R_76_F.matK_KIM3F_76_R,CS1_matK_KIM1R_76_for,CS2_matK_KIM3F_76_rev,ACCCAGTCCATCTGGAAATCTTGGTTC,CGTACAGTACTTTTGTGTTTACGAG,800,900,Test,matK,Viridiplantae
SPH16S_F_75_F.SPH16S_R_75_R,CS1_SPH16S_F_75_for,CS2_SPH16S_R_75_rev,TAGGGGAAGGTATGAATGGTTTG,ACATCGAGGTCGCAACC,200,400,Test,16S,Metazoa
1380F_78_F.1510R_79_R,CS1_1380F_78_for,CS2_1510R_79_rev,CCCTGCCHTTTGTACACAC,CCTTCYGCAGGTTCACCTAC,100,200,Test,18S,Eukaryota
GdhF_3Mod_58_F.GdhR_5Mod_58_R,CS1_GdhF_3Mod_58_for,CS2_GdhR_5Mod_58_rev,TCAACGTCAACCGCG,TTGTCCTTGCACATCTCC,500,600,Test,18S,Eukaryota
Hadz_1200CR_8_F.wang1624CR6L_15_R,CS1_Hadz_1200CR_8_for,CS2_wang1624CR6L_15_rev,GCTTAATTTGACTCAACACGGG,AGCGACGGGCGGTGTGTA,300,400,Test,18S,Eukaryota
Mach1_9_F.Nem_0425_4_2_R,CS1_Mach1_9_for,CS2_Nem_0425_4_2_rev,TGGTGCCAGCAGCCGC,GAARACATTCTTGGCAAATGCY,400,500,Test,18S,Eukaryota
V1_84_F.PMP2_85_R,CS1_V1_84_for,CS2_PMP2_85_rev,CACCAGGTTGATTCTGCCTGAC,CCTCTCCGGAACCAAACCCTG,200,300,Test,18S,Eukaryota
Dice11F_53Mod_94_F.Dice14R_53Mod_93_R,CS1_Dice11F_53Mod_94_for,CS2_Dice14R_53Mod_93_rev,GATCGDAAATTTDGTWCWGCG,CCHACMRTAAACATATGATGCC,200,300,Test,COI,Eukaryota
Dice1F_53Mod_95_F.HCO2198_R_53Mod_97_R,CS1_Dice1F_53Mod_95_for,CS2_HCO2198_R_53Mod_97_rev,TATTTWCNTTRGATCATAAGCGAG,TCNGGRTGNCCRAWRAAYC,600,700,Test,COI,Eukaryota
Dice1F_53Mod_95_F.SeqR1_53Mod_95_R,CS1_Dice1F_53Mod_95_for,CS2_SeqR1_53Mod_95_rev,TATTTWCNTTRGATCATAAGCGAG,CAAGCACTTAAAGCATT,200,300,Test,COI,Eukaryota
Dice1F_53Mod_95_F.SeqR2_53Mod_96_R,CS1_Dice1F_53Mod_95_for,CS2_SeqR2_53Mod_96_rev,TATTTWCNTTRGATCATAAGCGAG,CCAHGCMCTYAANGCATTC,200,300,Test,COI,Eukaryota
Em_WG_MTInvF_66_F.COI_1202R_66_R,CS1_Em_WG_MTInvF_66_for,CS2_COI_1202R_66_rev,ACTGGATCACCATTAAAGGCAGCA,CCAAKRAYHGCACCAAGAGATA,300,400,Test,COI,Eukaryota
HCO2198_F_53Mod_97_F.Dice14R_53Mod_93_R,CS1_HCO2198_F_53Mod_97_for,CS2_Dice14R_53Mod_93_rev,TYWTYGGNCAYCCNGARG,CCHACMRTAAACATATGATGCC,100,200,Test,COI,Eukaryota
Plat_diploCOX1F_89_F.Plat_diploCOX1R_90_R,CS1_Plat_diploCOX1F_89_for,CS2_Plat_diploCOX1R_90_rev,CGTTTRAATTATACGGATCC,AGCATAGTAATMGCAGCAGC,500,600,Test,COI,Eukaryota
SeqF1_53Mod_92_F.Dice14R_53Mod_93_R,CS1_SeqF1_53Mod_92_for,CS2_Dice14R_53Mod_93_rev,AATGCTTTAAGTGCTTG,CCHACMRTAAACATATGATGCC,500,600,Test,COI,Eukaryota
SeqF2_53Mod_93_F.Dice11R_94_R,CS1_SeqF2_53Mod_93_for,CS2_Dice11R_94_rev,GAATGCNTTRAGKGCDTGTT,GCWGWACHAAATTTHCGATC,300,400,Test,COI,Eukaryota
Uni_MinibarF1_71_F.Uni_MinibarR1_71_R,CS1_Uni_MinibarF1_71_for,CS2_Uni_MinibarR1_71_rev,GAAAATCATAATGAAGGCATGAGC,TCCACTAATCACAARGATATTGGTAC,100,200,Test,COI,Eukaryota
Em_WG_MT_4506F_53Mod_83_F.Em_WG_MT_4993R_53Mod_84_R,CS1_Em_WG_MT_4506F_53Mod_83_for,CS2_Em_WG_MT_4993R_53Mod_84_rev,GTTATTAGTACTGAGTTACTAC,GAGGTAATACCATAATACTAG,400,500,Test,COIII,Coccidia
D3A_5Mod_46_F.D3B_5Mod_46_R,CS1_D3A_5Mod_46_for,CS2_D3B_5Mod_46_rev,CCGTCTTGAAACACGGA,CGGAAGGAACCAGCTACTA,300,400,Zebra,28S,Metazoa
D3A_5_3Mod_47_F.D3B_5_3Mod_47_R,CS1_D3A_5_3Mod_47_for,CS2_D3B_5_3Mod_47_rev,ACCCGTCTTGAAACACG,CGGAAGGAACCAGCTACT,300,400,Zebra,28S,Metazoa
wang1141_13_F.Nem_0425_6_3_R,CS1_wang1141_13_for,CS2_Nem_0425_6_3_rev,GAATTGACGGAAGGGCACC,AAGGGCATCACAGACCTGTTAT,300,400,Zebra,18S,Eukaryota
Proti1702_32_F.wang1624CR6L_15_R,CS1_Prot1702_32_for,CS2_wang1624CR6L_15_rev,YGGTGRTGCATGGCCGYT,GGGCGGTGTGTACAAAGG,500,600,Zebra,18S,Eukaryota
Nem_0425_6CR_14_F.EukB_MH_24_R,CS1_Nem_0425_6CR_14_for,CS2_EukB_MH_24_rev,ATAACAGGTCTGTGATGCCCTT,TGATCCTTCTGCAGGTTCACC,300,400,Zebra,18S,Eukaryota
LSU_Fwd_2_3Mod_55_F.LSU_Rev_4_55_R,CS1_LSU_Fwd_2_3Mod_55_for,CS2_LSU_Rev_4_55_rev,ACAAGTACCDTRAGGGAAAGTT,GTTAGACTYCTTGGTCCGTG,400,500,Zebra,28S,Eukaryota
LSU_Fwd_2_5Mod_54_F.LSU_Rev_4_54_R,CS1_LSU_Fwd_2_5Mod_54_for,CS2_LSU_Rev_4_54_rev,CAAGTACCDTRAGGGAAAGTTG,GTTAGACTYCTTGGTCCGTG,400,500,Zebra,28S,Eukaryota
ACM_008_17_F.ADM330_CR_17_R,CS1_ACM_008_17_for,CS2_ADM330_CR_17_rev,AGAGTTTGATCCTGGCTCAG,GCTGCCTCCCGTAGGAGT,300,400,Zebra,16S,Bacteria
18S_0067a_deg_5Mod_52_F.NSR399_5Mod_52_R,CS1_18S_0067a_deg_5Mod_52_for,CS2_NSR399_5Mod_52_rev,GCCATGCATGYCTAAGTATMA,AGGCTCCYTCTCCGG,300,400,Zebra,18S,Eukaryota
Gen_600_7_F.Nem_0425_4_2_R,CS1_Gen_600_7_for,CS2_Nem_0425_4_2_rev,GCCGCGGTAATTCCAGCT,ARACATTCTTGGCAAATGCYTTC,300,400,Zebra,18S,Eukaryota
Mach1_9_F.Mach2Gen_7_R,CS1_Mach1_9_for,CS2_Mach2Gen_7_rev,TGGTGCCAGCAGCCGC,TCCGTCAATTTCTTTAAGTTTCAG,500,600,Zebra,18S,Eukaryota
Hadz_566_6_F.Nem_0425_4_2_R,CS1_Hadz_566_6_for,CS2_Nem_0425_4_2_rev,CAGCAGCCGCGGTAATTCC,ARACATTCTTGGCAAATGCYTTC,300,400,Zebra,18S,Eukaryota
MarkN_10_F.Euk360_CR_21_R,CS1_MarkN_10_for,CS2_Euk360_CR_21_rev,GCTTGTCTCAAAGATTAAGCCN,TCTCAKGCKCCYTCTCCG,300,400,Zebra,18S,Eukaryota
18S_0067a_deg_3Mod_53_F.NSR399_3Mod_53_R,CS1_18S_0067a_deg_3Mod_53_for,CS2_NSR399_3Mod_53_rev,AAGCCATGCATGYCTAAGTATM,TCTCAGGCTCCYTCTCC,300,400,Zebra,18S,Eukaryota
ACM_008_17_F.Klin0341_CR_18_R,CS1_ACM_008_17_for,CS2_Klin0341_CR_18_rev,AGAGTTTGATCCTGGCTCAG,CTGCWGCCNCCCGTAGG,300,400,Zebra,16S,Bacteria
Proti15_25_F.Proti440R_28_R,CS1_Proti15_25_for,CS2_Proti440R_28_rev,TGCCAGTAGTCATATGCTTGTYT,CAGGCYCSCTCTCCGGA,500,600,Zebra,18S,Eukaryota
ADM330_18_F.Klin0785_CR_19_R,CS1_ADM330_18_for,CS2_Klin0785_CR_19_rev,ACTCCTACGGGAGGCAGC,GACTACHVGGGTATCTAATCC,400,500,Zebra,16S,Bacteria
Proti1580_33_Fwang1624CR6L_15_R,CS1_Proti1580_33_for,CS2_wang1624CR6L_15_rev,TTGACGGARKGGYACCACMA,GGGCGGTGTGTACAAAGG,500,600,Zebra,18S,Eukaryota
Klin0341_19_F.Klin0785_CR_19_R,CS1_Klin0341_19_for,CS2_Klin0785_CR_19_rev,CCTACGGGNGGCWGCAG,GACTACHVGGGTATCTAATCC,400,500,Zebra,16S,Bacteria
Proti643_31_F.wang1141CR_14_R,CS1_Proti643_31_for,CS2_wang1141CR_14_rev,CCGCGGTAATTCCAGCTC,GGTGCCCTTCCGTCAATTC,600,700,Zebra,18S,Eukaryota
Prot1702_32_F.EukB_MH_24_R,CS1_Prot1702_32_for,CS2_EukB_MH_24_rev,YGGTGRTGCATGGCCGYT,TGATCCTTCTGCAGGTTCACC,400,500,Zebra,18S,Eukaryota
Proti628_30_F.wang1141CR_14_R,CS1_Proti628_30_for,CS2_wang1141CR_14_rev,GTCTGGTGCCAGCASCC,GGTGCCCTTCCGTCAATTC,500,600,Zebra,18S,Eukaryota
Prot1702_32_F.EukB_MV_25_R,CS1_Prot1702_32_for,CS2_EukB_MV_25_rev,YGGTGRTGCATGGCCGYT,TCCTTCTGCAGGTTCACCTAC,400,500,Zebra,18S,Eukaryota
Hadz_566_6_F.Mach2Gen_7_R,CS1_Hadz_566_6_for,CS2_Mach2Gen_7_rev,CAGCAGCCGCGGTAATTCC,TCCGTCAATTTCTTTAAGTTTCAG,500,600,Zebra,18S,Eukaryota
Proti643_31_F.Proti1580R_32_R,CS1_Proti643_31_for,CS2_Proti1580R_32_rev,CCGCGGTAATTCCAGCTC,TKGTGGTRCCMYTCCGTCAA,300,400,Zebra,18S,Eukaryota
Gen_600_7_F.Mach2Gen_7_R,CS1_Gen_600_7_for,CS2_Mach2Gen_7_rev,GCCGCGGTAATTCCAGCT,TCCGTCAATTTCTTTAAGTTTCAG,300,400,Zebra,18S,Eukaryota
Gen_600_7_F.Hadz_1200_5_R,CS1_Gen_600_7_for,CS2_Hadz_1200_5_rev,GCCGCGGTAATTCCAGCT,CCCGTGTTGAGTCAAATTAAGC,500,600,Zebra,18S,Eukaryota
MarkN_10_F.Proti440R_28_R,CS1_MarkN_10_for,CS2_Proti440R_28_rev,GCTTGTCTCAAAGATTAAGCCN,CAGGCYCSCTCTCCGGA,300,400,Zebra,18S,Eukaryota
500_3Mod_63_F.501_3Mod_63_R,CS1_500_3Mod_63_for,CS2_501_3Mod_63_rev,ACTTTGAAGAGAGAGTTCAAGAGN,TCGGAAGGAACCAGCTAC,600,700,Zebra,28S,Eukaryota
GdhF_3Mod_59_F.GdhR_3Mod_59_R,CS1_GdhF_3Mod_59_for,CS2_GdhR_3Mod_59_rev,TCAACGTCAACCGCG,GTTGTCCTTGCACATCTCC,500,600,Zebra,18S,Eukaryota
NL1_5Mod_49_F.NL4_5Mod_49_R,CS1_NL1_5Mod_49_for,CS2_NL4_5Mod_49_rev,ATATCAATAAGCGGAGGAAAAG,TCCGTGTTTCAAGACGG,600,700,Zebra,28S,Eukaryota
trnL(UAA)c_3Mod_34_F.trnL(UAA)d_3Mod_34_R,CS1_trnL(UAA)c_5Mod_34_for,CS2_trnL(UAA)d_3Mod_34_rev,GAAATCGGTAGACGCTACG,GGGGATAGAGGGACTTGAA,200,800,Zebra,trnL(UAA),Viridiplantae
ITS4_Fwd_5Mod_51_F.ITS1F_Rev_5Mod_51_R,CS1_ITS4_Fwd_5Mod_51_for,CS2_ITS1F_Rev_5Mod_51_rev,CCTCCGCTTATTGATATGC,NNCTTGGTCATTTAGAGGAAGTAA,500,600,Zebra,ITS1-5.8S-ITS2,Eukaryota
Gfor_53Mod_61_F.Grev_53Mod_61_R,CS1_Gfor_53Mod_61_for,CS2_Grev_53Mod_61_rev,CCGTTTCCGTAGGTGAAC,CCATATGCTTAAGTTCAGCG,500,600,Zebra,ITS1-5.8S-ITS2,Eukaryota
GdhF_3Mod_58_F.GdhR_5Mod_58_R,CS1_GdhF_3Mod_58_for,CS2_GdhR_5Mod_58_rev,TCAACGTCAACCGCG,TTGTCCTTGCACATCTCC,500,600,Zebra,18S,Eukaryota
trnL(UAA)c_5Mod_35_F.trnL(UAA)d_3Mod_35_R,CS1_trnL(UAA)c_3Mod_35_for,CS2_trnL(UAA)d_3Mod_35_rev,CGAAATCGGTAGACGCTAC,GGGGATAGAGGGACTTGAA,200,800,Zebra,trnL(UAA),Viridiplantae
rbcL_a_f_5Mod_40_F.rbcLa_Fof_R_40_R,CS1_rbcL_a_f_5Mod_40_for,CS2_rbcLa_Fof_R _40_rev,CACCACAAACAGAGACTAAAGC,GTAAAATCAAGTCCACCRCG ,500,600,Zebra,rbcL,Viridiplantae
trnL5BR_3Mod_36_F.trnL3D2_3Mod_36_R,CS1_trnL5BR_3Mod_36_for,CS2_trnL3D2_3Mod_36_rev,GATATGGCGAAATCGGTAG,TGGGGATAGAGGGACTTG,600,700,Zebra,trnL(UAA),Viridiplantae
COI_10F_3Mod_57_F.COI_500R_57_R,CS1_COI_10F_3Mod_57_for,CS2_COI_500R_57_rev,GGWDSWGGWRYWGGWTGG,CATRTGRTGDGCCCAWAC,500,600,Zebra,COI,Eukaryota
mlCOIintF_5Mod_44_F.HCO2198_5Mod_44_R,CS1_mlCOIintF_5Mod_44_for,CS2_HCO2198_5Mod_44_rev,WGGWTGAACWGTWTAYCCYCC,ACAGGGTGACCAAAAATCA,300,400,Zebra,COI,Eukaryota
fashF_56_F.fahR_3Mod_56_R,CS1_fashF_56_for,CS2_fahR_3Mod_56_rev,TATGTTTTGATTTTACCCGGG,ATGAGCAACCACAAACCAT,400,500,Zebra,COI,Eukaryota
psbA3_f_5Mod_41_F.trnHf_05_5Mod_41_R,CS1_psbA3_f_5Mod_41_for,CS2_trnHf_05_5Mod_41_rev,TTATGCATGAACGTAATGCTC,CATGGTGGATTCACAATCC,500,600,Zebra,trnH_psbA,Viridiplantae
Mach1_9_F.Nem_0425_4_2_R,CS1_Mach1_9_for,CS2_Nem_0425_4_2_rev,TGGTGCCAGCAGCCGC,GAARACATTCTTGGCAAATGCY,400,500,Zebra,18S,Eukaryota
Gfor_3Mod_60_F.Grev_3Mod_60_R,CS1_Gfor_3Mod_60_for,CS2_Grev_3Mod_60_rev,GGGATCCGTTTCCGTAG,GGGATCCATATGCTTAAGTTCA,500,600,Zebra,ITS1-5.8S-ITS2,Eukaryota
mlCOIintF_3Mod_45_F.HCO2198_5Mod_45_R,CS1_mlCOIintF_3Mod_45_for,CS2_HCO2198_5Mod_45_rev,GGWACWGGWTGAACWGTWTAYCC,ACAGGGTGACCAAAAATCA,300,400,Zebra,COI,Eukaryota
rbcL_a_f_5Mod_38_F.rbcL_a_r_5Mod_38_R,CS1_rbcL_a_f_5Mod_38_for,CS2_rbcL_a_r_5Mod_38_rev,CACCACAAACAGAGACTAAAGC,CTGCTACAAATAAGAATCGATCTC,300,400,Zebra,rbcL,Viridiplantae
LCO1490_43_F.HCO2198_5Mod_43_R,CS1_LCO1490_43_for,CS2_HCO2198_5Mod_43_rev,GGTCAACAAATCATAAAGATATTGG,ACAGGGTGACCAAAAATCA,500,600,Zebra,COI,Eukaryota
Hadz_1200CR_8_F.wang1624CR6L_15_R,CS1_Hadz_1200CR_8_for,CS2_wang1624CR6L_15_rev,GCTTAATTTGACTCAACACGGG,AGCGACGGGCGGTGTGTA,300,400,Zebra,18S,Eukaryota
Coleop_16Sc_68_F.Coleop_16Sd_68_R,CS1_Coleop_16Sc_68_for,CS2_Coleop_16Sd_68_rev,TGCAAAGGTAGCATAATMATTAG,TCCATAGGGTCTTCTCGTC,100,200,Fox_Raccoon,16S,Metazoa
Hadz_566_6_F.Mach2Gen_7_R,CS1_Hadz_566_6_for,CS2_Mach2Gen_7_rev,CAGCAGCCGCGGTAATTCC,TCCGTCAATTTCTTTAAGTTTCAG,500,600,Fox_Raccoon,18S,Eukaryota
NdmlCOIlintF_1_72_F.dgHCO2198_72_R,CS1_NdmlCOIlintF_1_72_for,CS2_dgHCO2198_72_rev,GGAACAGGATGAACTGTTTACCCTCC,TAAACTTCAGGGTGACCAAARAAYCA,300,400,Fox_Raccoon,COI,Eukaryota
515F_99_F.R1073_103_R,CS1_515F_99_for,CS2_R1073_103_rev,GTGCCAGCMGCCGCGGTAA,ACGAGCTGACGACARCCATG,500,600,Fox_Raccoon,16S,Bacteria
ArF5_105_F.ArR5_105_R,CS1_ArF5_105_for,CS2_ArR5_105_rev,GCICCIGAYATRKCITTYCCICG,CCIGTIYTIGCIGGIGCIATYAC,300,400,Fox_Raccoon,COI,Eukaryota
MarkN_10_F.Proti440R_28_R,CS1_MarkN_10_for,CS2_Proti440R_28_rev,GCTTGTCTCAAAGATTAAGCCN,CAGGCYCSCTCTCCGGA,300,400,Fox_Raccoon,18S,Eukaryota
Gen_600_7_F.Hadz_1200_5_R,CS1_Gen_600_7_for,CS2_Hadz_1200_5_rev,GCCGCGGTAATTCCAGCT,CCCGTGTTGAGTCAAATTAAGC,500,600,Fox_Raccoon,18S,Eukaryota
L2513_64_F.H2714_64_R,CS1_L2513_64_for,CS2_H2714_64_rev,GCCTGTTTACCAAAAACATCAC,CTCCATAGGGTCTTCTCGTCTT,200,300,Fox_Raccoon,16S,Metazoa
27M_F_98_F.CCR_98_R,CS1_27M_F_98_for,CS2_CCR_98_rev,AGRGTTTGATCMTGGCTCAG,GCTGCCTCCCGTAGGAGTCTGG,300,400,Fox_Raccoon,16S,Bacteria
Gen_600_7_F.Mach2Gen_7_R,CS1_Gen_600_7_for,CS2_Mach2Gen_7_rev,GCCGCGGTAATTCCAGCT,TCCGTCAATTTCTTTAAGTTTCAG,300,400,Fox_Raccoon,18S,Eukaryota
MarkN_10_F.Euk360_CR_21_R,CS1_MarkN_10_for,CS2_Euk360_CR_21_rev,GCTTGTCTCAAAGATTAAGCCN,TCTCAKGCKCCYTCTCCG,300,400,Fox_Raccoon,18S,Eukaryota
Mach1_9_F.Mach2Gen_7_R,CS1_Mach1_9_for,CS2_Mach2Gen_7_rev,TGGTGCCAGCAGCCGC,TCCGTCAATTTCTTTAAGTTTCAG,500,600,Fox_Raccoon,18S,Eukaryota
Proti643_31_F.Proti1580R_32_R,CS1_Proti643_31_for,CS2_Proti1580R_32_rev,CCGCGGTAATTCCAGCTC,TKGTGGTRCCMYTCCGTCAA,500,600,Fox_Raccoon,18S,Eukaryota
NLF184cw_74_F.NL818cw_74_R,CS1_NLF184cw _74_for,CS2_NL818cw_74_rev,TACCCGCTGAAYTTAAGCATAT,AGACTCCTTGGTCCRTGT,500,800,Fox_Raccoon,28S,Eukaryota
12S_F_Long_108_F.12S_R_Long_108_R,CS1_12S_F_Long_108_for,CS2_12S_R_Long_108_rev,ATAAATAAGTAAAATTTGGC,GTACCACCTCTAAATAATCTTC,100,200,Fox_Raccoon,12S,Metazoa
LSU_Fwd_2_3Mod_55_F.LSU_Rev_4_54_R,CS1_LSU_Fwd_2_3Mod_55_for,CS2_LSU_Rev_4_54_rev,ACAAGTACCDTRAGGGAAAGTT,GTTAGACTYCTTGGTCCGTG,400,500,Fox_Raccoon,28S,Eukaryota
Ins16S_1shortF_70_F.Ins16S_1shortR_70_R,CS1_Ins16S_1shortF_70_for,CS2_Ins16S_1shortR_70_rev,RGACGAGAAGACCCTATARA,ACGCTGTTATCCCTAARGTA,100,200,Fox_Raccoon,16S,Metazoa
Proti643_31_F.wang1141CR_14_R,CS1_Proti643_31_for,CS2_wang1141CR_14_rev,CCGCGGTAATTCCAGCTC,GGTGCCCTTCCGTCAATTC,500,600,Fox_Raccoon,18S,Eukaryota
16S.1100.F16_100_F.1492R_100_R,CS1_16S.1100.F16_100_for,CS2_1492R_100_rev,CAACGAGCGCAACCCT,TACGGYTACCTTGTTAYGACTT,400,500,Fox_Raccoon,16S,Bacteria
Nem_0425_6CR_14_F.EukB_MH_24_R,CS1_Nem_0425_6CR_14_for,CS2_EukB_MH_24_rev,ATAACAGGTCTGTGATGCCCTT,TGATCCTTCTGCAGGTTCACC,300,400,Fox_Raccoon,18S,Eukaryota
D3A_5Mod_46_F.D3B_5Mod_46_R,CS1_D3A_5Mod_46_for,CS2_D3B_5Mod_46_rev,CCGTCTTGAAACACGGA,CGGAAGGAACCAGCTACTA,300,400,Fox_Raccoon,28S,Eukaryota
16S_F_Ces_107_F.16S_R_Ces_107_R,CS1_16S_F_Ces_107_for,CS2_16S_R_Ces_107_rev,CAATTAATTATGCTACCTT,CGTCTGTTTATYAAAAACATTTC,100,200,Fox_Raccoon,16S,Cestodes
fwhF2_106_F.fwhR2n_106_R,CS1_fwhF2_106_for,CS2_fwhR2n_106_rev,GGDACWGGWTGAACWGTWTAYCCHCC,GTRATWGCHCCDGCTARWACWGG,200,300,Fox_Raccoon,COI,Eukaryota
Gen_600_7_F.Nem_0425_4_2_R,CS1_Gen_600_7_for,CS2_Nem_0425_4_2_rev,GCCGCGGTAATTCCAGCT,ARACATTCTTGGCAAATGCYTTC,300,400,Fox_Raccoon,18S,Eukaryota
JB3_109_F.JB4.5_109_R,CS1_JB3_109_for,CS2_JB4.5_109_rev,TTTTTTGGGCATCCTGAGGTTTAT,TAAAGAAAGAACATAATGAAAATG,400,500,Fox_Raccoon,COI,Metazoa
Proti15_25_F.Proti440R_28_R,CS1_Proti15_25_for,CS2_Proti440R_28_rev,TGCCAGTAGTCATATGCTTGTYT,CAGGCYCSCTCTCCGGA,300,400,Fox_Raccoon,18S,Eukaryota
Ave12F_91_F.Ave12R_92_R,CS1_Ave12F_91_for,CS2_Ave12R_92_rev,AAGACAGGTCAAGGTATAGC,GAGGGTGACGGGCGGTATG,100,200,Fox_Raccoon,16S,Metazoa
L2513_64_F.H2714_64_R,CS1_L2513_64_for,CS2_H2714_64_rev,GCCTGTTTACCAAAAACATCAC,CTCCATAGGGTCTTCTCGTCTT,200,300,Fox_Raccoon,16S,Metazoa
Proti628_30_F.wang1141CR_14_R,CS1_Proti628_30_for,CS2_wang1141CR_14_rev,GTCTGGTGCCAGCASCC,GGTGCCCTTCCGTCAATTC,500,600,Fox_Raccoon,18S,Eukaryota
Prot1702_32_F.wang1624CR6S_16_R,CS1_Prot1702_32_for,CS2_wang1624CR6S_16_rev,YGGTGRTGCATGGCCGYT,GGGCGGTGTGTACAAAGG,300,400,Fox_Raccoon,18S,Eukaryota
18S9modF_88_F.18S637modR_89_R,CS1_18S9modF_88_for,CS2_18S637modR_89_rev,ATCCTGCCAGTAGTCATATGCTTG,TACGCTWYTGGAGCTGGAGTTACCG,600,700,Fox_Raccoon,18S,Eukaryota
Hadz_566_6_F.Nem_0425_4_2_R,CS1_Hadz_566_6_for,CS2_Nem_0425_4_2_rev,CAGCAGCCGCGGTAATTCC,ARACATTCTTGGCAAATGCYTTC,300,400,Fox_Raccoon,18S,Eukaryota
F1073_101_F.1492R_100_R,CS1_F1073_101_for,CS2_1492R_100_rev,CATGGYTGTCGTCAGCTCGT,TACGGYTACCTTGTTAYGACTT,400,500,Fox_Raccoon,16S,Bacteria
Ins16S_1shortF_70_F.Ins16S_1shortR_70_R,CS1_Ins16S_1shortF_70_for,CS2_Ins16S_1shortR_70_rev,RGACGAGAAGACCCTATARA,ACGCTGTTATCCCTAARGTA,100,200,Fox_Raccoon,16S,Metazoa
F52_69_F.R193_69_R,CS1_F52_69_for,CS2_R193_69_rev,GTTGGATTCAAAGCTGGTGTTA,CVGTCCAMACAGTWGTCCATGT,100,200,Fox_Raccoon,rbcL,Viridiplantae
Prot1702_32_F.EukB_MH_24_R,CS1_Prot1702_32_for,CS2_EukB_MH_24_rev,YGGTGRTGCATGGCCGYT,TGATCCTTCTGCAGGTTCACC,400,500,Fox_Raccoon,18S,Eukaryota
Proti1580_33_F.wang1624CR6S_16_R,CS1_Proti1580_33_for,CS2_wang1624CR6S_16_rev,TTGACGGARKGGYACCACMA,GGGCGGTGTGTACAAAGG,500,600,Fox_Raccoon,18S,Eukaryota
trnL(UAA)g_65_F.trnL(UAA)h_65_R,CS1_trnL(UAA)g_65_for,CS2_trnL(UAA)h_65_rev,GGGCAATCCTGAGCCAA,CCATTGAGTCTCTGCACCTATC,80,200,Fox_Raccoon,trnL,Viridiplantae
ADM330_18_F.Klin0785_CR_19_R,CS1_ADM330_18_for,CS2_Klin0785_CR_19_rev,ACTCCTACGGGAGGCAGC,GACTACHVGGGTATCTAATCC,400,500,Fox_Raccoon,16S,Bacteria
16SA_L_110_F.16SB_H_110_R,CS1_16SA_L_110_for,CS2_16SB_H_110_rev,CGCCTGTTTATCAAAAACAT,CCGGTCTGAACTCAGATCACGT,500,600,Fox_Raccoon,16S,Amphibia
S2F_80_F.S3R_81_R,CS1_S2F_80_for,CS2_S3R_81_rev,ATGCGATACTTGGTGTGAAT,GACGCTTCTCCAGACTACAAT,400,500,Fox_Raccoon,ITS1,Viridiplantae
18S_0067a_deg_5Mod_52_F.NSR399_5Mod_52_R,CS1_18S_0067a_deg_5Mod_52_for,CS2_NSR 399_5Mod_52_rev,GCCATGCATGYCTAAGTATMA,AGGCTCCYTCTCCGG,300,400,Fox_Raccoon,18S,Eukaryota
mlCOIintF_XT_104_F.JgHCO2198_104_R,CS1_mlCOIintF_XT_104_for,CS2_JgHCO2198_104_rev,GGWACWRGWTGRACWITITAYCCYCC,TAIACYTCIGGRTGICCRAARAAYCA,300,400,Fox_Raccoon,COI,Eukaryota
Prot1702_32_F.EukB_MV_25_R,CS1_Prot1702_32_for,CS2_EukB_MV_25_rev,YGGTGRTGCATGGCCGYT,TCCTTCTGCAGGTTCACCTAC,400,500,Fox_Raccoon,18S,Eukaryota
18S_0067a_deg_3Mod_53_F.NSR399_3Mod_53_R,CS1_18S_0067a_deg_3Mod_53_for,CS2_NSR 399_3Mod_53_rev,AAGCCATGCATGYCTAAGTATM,TCTCAGGCTCCYTCTCC,300,400,Fox_Raccoon,18S,Eukaryota
Klin0341_19_F.Klin0785_CR_19_R,CS1_Klin0341_19_for,CS2_Klin0785_CR_19_rev,CCTACGGGNGGCWGCAG,GACTACHVGGGTATCTAATCC,400,500,Fox_Raccoon,16S,Bacteria
wang1141_13_F.Nem_0425_6_3_R,CS1_wang1141_13_for,CS2_Nem_0425_6_3_rev,GAATTGACGGAAGGGCACC,AAGGGCATCACAGACCTGTTAT,300,400,Fox_Raccoon,18S,Eukaryota
ZBJ_ArtF1c_67_F.ZBJ_ArtR2c_67_R,CS1_ZBJ_ArtF1c_67_for,CS2_ZBJ_ArtR2c_67_rev,AGATATTGGAACWTTATATTTTATTTTTGG,WACTAATCAATTWCCAAATCCTCC,200,300,Fox_Raccoon,COI,Eukaryota
18SiCF1_111_F.18SiCR1_111_R,CS1_18SiCF1_111_for,CS2_18SiCR1_111_rev,CCTATCAGCTTTAGACGGTAGG,TCTAAGAATTTCACCTCTGACTG,500,600,HMHZ,18S,Eukaryota
HSPF3_112_F.HSPR3_112_R,CS1_HSPF3_112_for,CS2_HSPR3_112_rev,GCTGSTGATACTCACTTGGGTGG,CTCTTGTCCATACCAGCATCC,300,400,HMHZ,HSP70,Eukaryota
AL3544_113_F.AL3545_113_R,CS1_AL3544_113_for,CS2_AL3545_113_rev,CCCTTCATCGGIGGTAACTT,GTGGCCACCACICCCGTGCC,500,600,HMHZ,TPI,Metazoa
Df_ITSRev_114_F.Df_ITSnesFor_114_R,CS1_Df_ITSRev_114_for,CS2_Df_ITSnesFor_114_rev,GCGGGTCTTCCTATATAAACAAGAACC,ATACGTCCCTGCCCTTTGTA,300,400,HMHZ,ITS1,Eukaryota
BhRDr_115_F.RD5_115_R,CS1_BhRDr_115_for,CS2_RD5_115_rev,GAGCTTTTTAACTGCAACAACG,ATCTGGTTGATCCTGCCAGT,500,600,HMHZ,18S,Eukaryota
Ehd_239F_116_F.Ehd_88R_116_R,CS1_Ehd_239F_116_for,CS2_Ehd_88R_116_rev,ATTGTCGTGGCATCCTAACTCA,GCGGACGGCTCATTATAACA,100,200,HMHZ,18S,Eukaryota
EntOv_430F_117_F.EntUng_900R_117_R,CS1_EntOv_430F_117_for,CS2_EntUng_900R_117_rev,GTAGTGACGACAAATAACTCTTG,TTTCGTTCTTGATTAATGAACG,400,500,HMHZ,18S,Eukaryota
515F_Y_118_F.806R_118_R,CS1_515F_Y_118_for,CS2_806R_118_rev,GTGYCAGCMGCCGCGGTAA,GGACTACNVGGGTWTCTAAT,300,400,HMHZ,16SV4,Bacteria
519R_F_119_F.CDR_119_R,CS1_519R_F_119_for,CS2_CDR_119_rev,CAGCMGCCGCGGTAATWC,CTTGTGCGGGCCCCCGTCAATTC,400,500,HMHZ,16SV4_V5,Bacteria
LepF1_120_F.M_LepF1_R_120_R,CS1_LepF1_120_for,CS2_M_LepF1_Rev_120_rev,ATTCAACCAATCATAAAGATATTGG,CGTGGAAAWGCTATATCWGGTG,200,300,HMHZ,COI,Eukaryota
mlCOIintF_121_F.Fol_degen_R_121_R,CS1_mlCOIintF_121_for,CS2_Fol_degen_rev_121_rev,GGWACWGGWTGAACWGTWTAYCCYCC,TANACYTCNGGRTGNCCRAARAAYCA,300,400,HMHZ,COI,Eukaryota
COX1.DINO.F_122_F.COX1.DINO.2.R_122_R,CS1_COX1.DINO.F_122_for,CS2_COX1.DINO.2.R_122_rev,GAATTTGGAGGTGGCACNGGNTGGACNYT,CCCATCGTATACATRTGRTGNCCCCANAC,500,600,HMHZ,COI,Eukaryota
ITS1_129_F.ITS2_129_R,CS1_ITS1_129_for,CS2_ITS2_129_rev,TCCGTAGGTGAACCTGCGG,GCTGCGTTCTTCATCGATGC,200,500,HMHZ,ITS1,Eukaryota
5.8SR_130_F.ITS4_130_R,CS1_5.8SR_130_for,CS2_ITS4_130_rev,TCGATGAAGAACGCAGCG,TCCTCCGCTTATTGATATGC,200,500,HMHZ,ITS2,Eukaryota
